Albedo,Geo
Amber,Pyro
Barbara,Hydro
Beidou,Electro
Bennett,Pyro
Chongyun,Cryo
Diluc,Pyro
Diona,Cryo
Eula,Cryo
Fischl,Electro
Ganyu,Cryo
Hu Tao,Pyro
Jean,Anemo
Kaedehara Kazuha,Anemo
Kaeya,Cryo
Kamisato Ayaka,Cryo
Keqing,Electro
Klee,Pyro
Kujou Sara,Electro
Lisa,Electro
Mona,Hydro
Ningguang,Geo
NoÃ«lle,Geo
Qiqi,Cryo
Razor,Electro
Rosalia,Cryo
Sayu,Anemo
Shogun Raiden,Electro
Sucrose,Anemo
Tartaglia,Hydro
Thomas,Pyro
Venti,Anemo
Xiangling,Pyro
Xiao,Anemo
Xingqiu,Hydro
Xinyan,Pyro
Yanfei,Pyro
Yoimiya,Pyro
Zhongli,Geo